<?xml version="1.0" encoding="ISO-8859-1"?>
<configuration xmlns:xsi="http://www.w3.org/2001/XMLSchema-instance"
    xsi:noNamespaceSchemaLocation="configuration.xsd">
    
    <field>
        <dimension x="200" y="185"/>
    </field>
    
    <physicalmodel>
        <class>br.ufla.dcc.grubix.simulator.physical.UnitDisc</class>
        <params>
          <param name="reachableDistance">300</param>
          <param name="interferenceDistance">300</param>
        </params>
    </physicalmodel>
    
    <movementmanager>
    	<class>br.ufla.dcc.grubix.simulator.movement.NoMovement</class>
    </movementmanager>
    
    <bitmanglingmodel>
        <class>br.ufla.dcc.grubix.simulator.physical.CollisionPacketMangler</class>
    </bitmanglingmodel>
    
    <nodes>    
    	<node name="REGULAR" count="300">
        	<layers>
        		<operatingSystem>
        			<class>br.ufla.dcc.grubix.simulator.node.user.os.NullOperatingSystemLayer</class>
        		</operatingSystem>
        		<logLink>
        			<class>br.ufla.dcc.grubix.simulator.node.user.LogLinkDebug</class>
        		</logLink>
        		<energyManager>
        			<class>br.ufla.dcc.grubix.simulator.node.energy.BasicEnergyManager</class>
        		</energyManager>
	        	<physical>
	        		<class>br.ufla.dcc.grubix.simulator.node.user.PHY_802_11bg</class>
	        		<params>
	            		<param name="standard">g</param>
	            		<param name="preamble">short</param>
	        			<param name="channelCount">1</param>
	        			<param name="signalStrength">0.0</param>
	        			<param name="minSignalStrength">0.0</param>
	        			<param name="maxSignalStrength">100.0</param>
	        			<param name="minFrequency">2.4e9</param>
	        			<param name="maxFrequency">2.4e9</param>
	        		</params>
	        	</physical>
	            <mac>
	            	<class>br.ufla.dcc.grubix.simulator.node.user.MAC_IEEE802_11bg_DCF</class>
	            	<params>
	            		<param name="retryLimit">10</param>
	            		<param name="rateAdaption">AARF</param>
	            		<param name="raUpLevel">10</param>
	            		<param name="raDownLevel">2</param>
	            		<param name="raUpMult">2</param>
	            		<param name="raTimeout">10</param></params>
	            </mac>
	            <network>
	                <class>br.ufla.dcc.grubix.simulator.node.user.OptimalSourceRouting</class>
	            </network>
	            <application>
	            	<class>br.ufla.dcc.pp.node.RegularNode</class>
	            </application>
	        </layers>
        </node>
    </nodes>
    
    <logging>
        <log>true</log>
        <nameHistoryFile>LogAppPingPong</nameHistoryFile>
        <nameStatisticsFile>StatiticsAppPingPong</nameStatisticsFile>
        <logClass>br.ufla.dcc.grubix.debug.compactlogging.CompactFileLogger</logClass>
        <filter>
              <description>Sample filter</description>
              <logdata>true</logdata>
              <acceptedtypes>
                  <class priority="off">br.ufla.dcc.grubix.simulator.event.user.OptSrcRoutingPacket</class>
                  <class priority="info">br.ufla.dcc.grubix.simulator.event.PhysicalPacket</class>
                  <class priority="info">br.ufla.dcc.grubix.simulator.event.Transmission</class>
                  <class priority="info">br.ufla.dcc.grubix.simulator.event.TransmissionBeginIncoming</class>
                  <class priority="info">br.ufla.dcc.grubix.simulator.event.TransmissionEndIncoming</class>
                  <class priority="info">br.ufla.dcc.grubix.simulator.event.TransmissionEndOutgoing</class>
                  <class priority="info">br.ufla.dcc.grubix.simulator.event.Movement</class>
              </acceptedtypes>
        </filter>
    </logging>
 <positions>
        <generated>
            <generator>
                <class>br.ufla.dcc.grubix.simulator.movement.RandomStartPositions</class>
                    <params>
        			</params>
            </generator>
            <targetfile>startpositions.xml</targetfile>
        </generated>
    </positions>
    <simulationtime stepspersecond="100" base="seconds">600</simulationtime>
</configuration>
