<?xml version="1.0" encoding="ISO-8859-1"?>
<positions>
<position id="1" y="174.35" x="8.7"/>
<position id="2" y="77.29" x="120.51"/>
<position id="3" y="28.68" x="50.17"/>
<position id="4" y="8.91" x="82.73"/>
<position id="5" y="165.49" x="16.6"/>
<position id="6" y="125.17" x="23.15"/>
<position id="7" y="41.96" x="41.94"/>
<position id="8" y="69.91" x="199.2"/>
<position id="9" y="37.33" x="37.19"/>
<position id="10" y="1.36" x="100.1"/>
<position id="11" y="173.31" x="94.6"/>
<position id="12" y="51.18" x="153.86"/>
<position id="13" y="125.01" x="120.59"/>
<position id="14" y="0.0" x="31.46"/>
<position id="15" y="73.93" x="152.71"/>
<position id="17" y="153.26" x="66.92"/>
<position id="16" y="117.78" x="69.05"/>
<position id="19" y="12.93" x="13.76"/>
<position id="18" y="86.78" x="145.27"/>
<position id="21" y="138.58" x="135.48"/>
<position id="20" y="116.87" x="48.96"/>
<position id="23" y="33.83" x="110.88"/>
<position id="22" y="135.14" x="151.46"/>
<position id="25" y="9.3" x="50.53"/>
<position id="24" y="181.06" x="58.04"/>
<position id="27" y="10.31" x="22.47"/>
<position id="26" y="114.28" x="54.73"/>
<position id="29" y="51.71" x="26.61"/>
<position id="28" y="163.62" x="189.6"/>
<position id="31" y="49.91" x="156.27"/>
<position id="30" y="174.59" x="131.5"/>
<position id="34" y="67.75" x="106.23"/>
<position id="35" y="0.5" x="105.53"/>
<position id="32" y="2.27" x="134.98"/>
<position id="33" y="81.28" x="185.76"/>
<position id="38" y="159.66" x="112.09"/>
<position id="39" y="5.67" x="25.02"/>
<position id="36" y="8.85" x="113.25"/>
<position id="37" y="94.66" x="189.61"/>
<position id="42" y="50.8" x="71.3"/>
<position id="43" y="31.37" x="24.46"/>
<position id="40" y="129.17" x="171.7"/>
<position id="41" y="24.06" x="158.68"/>
<position id="46" y="114.87" x="180.18"/>
<position id="47" y="32.45" x="27.01"/>
<position id="44" y="37.88" x="17.25"/>
<position id="45" y="147.05" x="1.84"/>
<position id="51" y="68.89" x="190.6"/>
<position id="50" y="27.67" x="34.06"/>
<position id="49" y="51.05" x="128.35"/>
<position id="48" y="130.04" x="188.94"/>
<position id="55" y="97.98" x="39.63"/>
<position id="54" y="59.57" x="177.37"/>
<position id="53" y="17.89" x="165.26"/>
<position id="52" y="1.95" x="31.63"/>
<position id="59" y="139.6" x="104.68"/>
<position id="58" y="36.13" x="113.8"/>
<position id="57" y="45.3" x="152.86"/>
<position id="56" y="125.15" x="181.14"/>
<position id="63" y="78.43" x="118.08"/>
<position id="62" y="167.65" x="61.97"/>
<position id="61" y="93.3" x="140.67"/>
<position id="60" y="68.84" x="120.86"/>
<position id="68" y="148.47" x="114.45"/>
<position id="69" y="39.72" x="173.37"/>
<position id="70" y="57.94" x="125.01"/>
<position id="71" y="36.39" x="21.98"/>
<position id="64" y="177.08" x="20.13"/>
<position id="65" y="9.61" x="156.82"/>
<position id="66" y="39.7" x="191.53"/>
<position id="67" y="77.81" x="62.71"/>
<position id="76" y="176.03" x="166.57"/>
<position id="77" y="94.79" x="10.25"/>
<position id="78" y="82.73" x="160.16"/>
<position id="79" y="57.28" x="158.45"/>
<position id="72" y="37.27" x="137.71"/>
<position id="73" y="98.27" x="140.2"/>
<position id="74" y="66.79" x="140.47"/>
<position id="75" y="80.01" x="28.38"/>
<position id="85" y="43.73" x="8.26"/>
<position id="84" y="150.13" x="144.45"/>
<position id="87" y="106.76" x="41.5"/>
<position id="86" y="81.91" x="87.51"/>
<position id="81" y="137.92" x="128.61"/>
<position id="80" y="81.34" x="87.19"/>
<position id="83" y="123.93" x="171.75"/>
<position id="82" y="174.25" x="60.37"/>
<position id="93" y="43.42" x="134.31"/>
<position id="92" y="18.46" x="45.79"/>
<position id="95" y="1.59" x="167.97"/>
<position id="94" y="135.34" x="131.29"/>
<position id="89" y="24.88" x="165.0"/>
<position id="88" y="10.7" x="83.78"/>
<position id="91" y="9.89" x="174.48"/>
<position id="90" y="142.78" x="15.77"/>
<position id="102" y="75.77" x="51.53"/>
<position id="103" y="141.43" x="9.73"/>
<position id="100" y="58.47" x="144.98"/>
<position id="101" y="56.84" x="156.51"/>
<position id="98" y="106.75" x="178.21"/>
<position id="99" y="116.82" x="1.31"/>
<position id="96" y="37.9" x="23.89"/>
<position id="97" y="166.71" x="42.73"/>
<position id="110" y="74.93" x="129.54"/>
<position id="111" y="134.09" x="22.4"/>
<position id="108" y="180.62" x="168.33"/>
<position id="109" y="25.42" x="126.94"/>
<position id="106" y="175.96" x="72.25"/>
<position id="107" y="5.45" x="38.11"/>
<position id="104" y="23.26" x="83.4"/>
<position id="105" y="25.21" x="80.06"/>
<position id="119" y="31.78" x="170.39"/>
<position id="118" y="175.32" x="7.37"/>
<position id="117" y="131.62" x="55.68"/>
<position id="116" y="96.55" x="198.13"/>
<position id="115" y="141.26" x="96.21"/>
<position id="114" y="66.68" x="25.5"/>
<position id="113" y="33.59" x="36.06"/>
<position id="112" y="170.29" x="194.75"/>
<position id="127" y="15.77" x="68.44"/>
<position id="126" y="155.06" x="81.15"/>
<position id="125" y="134.4" x="76.38"/>
<position id="124" y="74.86" x="5.62"/>
<position id="123" y="169.62" x="183.17"/>
<position id="122" y="129.73" x="122.49"/>
<position id="121" y="135.2" x="67.92"/>
<position id="120" y="42.37" x="103.0"/>
<position id="137" y="120.56" x="12.18"/>
<position id="136" y="43.37" x="142.04"/>
<position id="139" y="46.2" x="44.84"/>
<position id="138" y="19.96" x="121.0"/>
<position id="141" y="145.53" x="178.81"/>
<position id="140" y="144.89" x="83.83"/>
<position id="143" y="145.34" x="188.8"/>
<position id="142" y="174.65" x="8.83"/>
<position id="129" y="31.31" x="29.64"/>
<position id="128" y="63.17" x="100.76"/>
<position id="131" y="125.64" x="140.03"/>
<position id="130" y="167.85" x="162.44"/>
<position id="133" y="89.99" x="3.13"/>
<position id="132" y="156.87" x="112.93"/>
<position id="135" y="102.04" x="39.45"/>
<position id="134" y="3.45" x="148.32"/>
<position id="152" y="73.94" x="13.65"/>
<position id="153" y="157.05" x="118.8"/>
<position id="154" y="147.06" x="76.15"/>
<position id="155" y="115.18" x="182.13"/>
<position id="156" y="45.64" x="27.03"/>
<position id="157" y="161.16" x="22.13"/>
<position id="158" y="45.46" x="6.19"/>
<position id="159" y="89.87" x="117.21"/>
<position id="144" y="6.15" x="35.01"/>
<position id="145" y="77.38" x="24.96"/>
<position id="146" y="154.92" x="15.84"/>
<position id="147" y="111.73" x="82.69"/>
<position id="148" y="85.57" x="143.48"/>
<position id="149" y="53.04" x="114.8"/>
<position id="150" y="46.99" x="120.12"/>
<position id="151" y="49.3" x="195.1"/>
<position id="171" y="4.4" x="180.43"/>
<position id="170" y="79.45" x="12.04"/>
<position id="169" y="76.85" x="187.34"/>
<position id="168" y="179.9" x="175.3"/>
<position id="175" y="176.71" x="3.47"/>
<position id="174" y="35.77" x="62.13"/>
<position id="173" y="7.48" x="119.77"/>
<position id="172" y="14.29" x="50.39"/>
<position id="163" y="15.67" x="117.95"/>
<position id="162" y="121.19" x="116.07"/>
<position id="161" y="139.87" x="50.24"/>
<position id="160" y="63.93" x="188.33"/>
<position id="167" y="149.83" x="117.85"/>
<position id="166" y="119.8" x="120.35"/>
<position id="165" y="92.27" x="134.01"/>
<position id="164" y="12.86" x="157.13"/>
<position id="186" y="88.21" x="180.5"/>
<position id="187" y="77.34" x="4.04"/>
<position id="184" y="7.19" x="9.52"/>
<position id="185" y="141.32" x="132.31"/>
<position id="190" y="135.38" x="135.3"/>
<position id="191" y="86.69" x="28.47"/>
<position id="188" y="67.57" x="103.32"/>
<position id="189" y="157.6" x="94.45"/>
<position id="178" y="162.62" x="183.99"/>
<position id="179" y="175.19" x="110.96"/>
<position id="176" y="117.7" x="5.03"/>
<position id="177" y="154.52" x="156.74"/>
<position id="182" y="92.08" x="47.86"/>
<position id="183" y="106.63" x="80.56"/>
<position id="180" y="174.72" x="52.66"/>
<position id="181" y="111.86" x="90.23"/>
<position id="205" y="110.8" x="111.99"/>
<position id="204" y="170.34" x="62.64"/>
<position id="207" y="83.5" x="69.27"/>
<position id="206" y="21.78" x="78.44"/>
<position id="201" y="9.89" x="154.42"/>
<position id="200" y="115.11" x="154.49"/>
<position id="203" y="107.27" x="198.7"/>
<position id="202" y="37.96" x="122.9"/>
<position id="197" y="147.41" x="7.89"/>
<position id="196" y="40.79" x="28.4"/>
<position id="199" y="163.2" x="88.45"/>
<position id="198" y="111.0" x="102.15"/>
<position id="193" y="173.03" x="65.03"/>
<position id="192" y="137.72" x="188.49"/>
<position id="195" y="93.07" x="75.79"/>
<position id="194" y="78.11" x="67.83"/>
<position id="220" y="80.41" x="175.73"/>
<position id="221" y="148.03" x="165.1"/>
<position id="222" y="182.69" x="12.87"/>
<position id="223" y="69.37" x="14.11"/>
<position id="216" y="5.84" x="84.72"/>
<position id="217" y="160.33" x="161.87"/>
<position id="218" y="174.01" x="182.15"/>
<position id="219" y="32.62" x="144.15"/>
<position id="212" y="78.6" x="100.44"/>
<position id="213" y="155.74" x="65.15"/>
<position id="214" y="127.54" x="32.84"/>
<position id="215" y="43.59" x="69.15"/>
<position id="208" y="132.21" x="156.86"/>
<position id="209" y="2.65" x="61.27"/>
<position id="210" y="41.04" x="130.12"/>
<position id="211" y="1.91" x="102.98"/>
<position id="239" y="167.02" x="127.44"/>
<position id="238" y="124.7" x="152.86"/>
<position id="237" y="173.66" x="7.15"/>
<position id="236" y="164.56" x="153.73"/>
<position id="235" y="18.53" x="156.64"/>
<position id="234" y="105.78" x="64.56"/>
<position id="233" y="25.14" x="41.65"/>
<position id="232" y="85.17" x="141.76"/>
<position id="231" y="158.71" x="112.75"/>
<position id="230" y="24.55" x="39.04"/>
<position id="229" y="36.11" x="2.7"/>
<position id="228" y="49.0" x="70.76"/>
<position id="227" y="70.08" x="137.11"/>
<position id="226" y="22.02" x="84.6"/>
<position id="225" y="1.99" x="143.53"/>
<position id="224" y="142.48" x="148.71"/>
<position id="254" y="143.27" x="80.04"/>
<position id="255" y="52.79" x="65.0"/>
<position id="252" y="40.91" x="114.66"/>
<position id="253" y="83.53" x="135.99"/>
<position id="250" y="56.47" x="51.78"/>
<position id="251" y="9.74" x="41.5"/>
<position id="248" y="154.47" x="14.82"/>
<position id="249" y="59.28" x="180.85"/>
<position id="246" y="161.11" x="118.78"/>
<position id="247" y="83.85" x="161.86"/>
<position id="244" y="122.79" x="145.42"/>
<position id="245" y="67.53" x="182.56"/>
<position id="242" y="182.95" x="83.13"/>
<position id="243" y="23.98" x="4.26"/>
<position id="240" y="99.28" x="178.71"/>
<position id="241" y="73.13" x="18.06"/>
<position id="275" y="76.75" x="65.01"/>
<position id="274" y="156.54" x="81.98"/>
<position id="273" y="172.54" x="37.57"/>
<position id="272" y="149.79" x="176.24"/>
<position id="279" y="31.35" x="199.61"/>
<position id="278" y="50.15" x="132.04"/>
<position id="277" y="71.69" x="126.57"/>
<position id="276" y="162.73" x="111.33"/>
<position id="283" y="26.0" x="160.22"/>
<position id="282" y="142.79" x="165.42"/>
<position id="281" y="132.67" x="163.89"/>
<position id="280" y="117.37" x="138.18"/>
<position id="287" y="124.92" x="32.23"/>
<position id="286" y="14.87" x="55.91"/>
<position id="285" y="148.39" x="20.44"/>
<position id="284" y="136.65" x="100.91"/>
<position id="258" y="22.28" x="52.64"/>
<position id="259" y="111.5" x="89.62"/>
<position id="256" y="95.45" x="43.27"/>
<position id="257" y="179.92" x="145.58"/>
<position id="262" y="113.12" x="68.41"/>
<position id="263" y="42.49" x="151.58"/>
<position id="260" y="8.75" x="2.72"/>
<position id="261" y="97.47" x="96.85"/>
<position id="266" y="123.92" x="62.71"/>
<position id="267" y="69.73" x="95.67"/>
<position id="264" y="169.01" x="71.45"/>
<position id="265" y="154.13" x="37.9"/>
<position id="270" y="178.96" x="67.84"/>
<position id="271" y="1.05" x="138.8"/>
<position id="268" y="42.39" x="176.61"/>
<position id="269" y="179.18" x="27.71"/>
<position id="288" y="17.13" x="154.53"/>
<position id="289" y="28.37" x="2.56"/>
<position id="290" y="78.12" x="58.89"/>
<position id="291" y="31.05" x="66.4"/>
<position id="292" y="83.15" x="98.51"/>
<position id="293" y="55.41" x="150.43"/>
<position id="294" y="123.52" x="100.94"/>
<position id="295" y="101.68" x="46.25"/>
<position id="296" y="132.27" x="131.23"/>
<position id="297" y="105.91" x="73.87"/>
<position id="298" y="147.96" x="139.02"/>
<position id="299" y="86.75" x="122.91"/>
<position id="300" y="2.05" x="185.27"/>
</positions>
