<?xml version="1.0" encoding="ISO-8859-1"?>
<positions>
<position id="1" y="253.66" x="236.55"/>
<position id="2" y="287.83" x="241.93"/>
<position id="3" y="263.28" x="151.71"/>
<position id="4" y="298.66" x="134.73"/>
<position id="5" y="52.64" x="53.76"/>
<position id="6" y="89.49" x="257.99"/>
<position id="7" y="208.01" x="231.45"/>
<position id="8" y="207.83" x="31.28"/>
<position id="9" y="74.81" x="144.75"/>
<position id="10" y="187.32" x="230.37"/>
<position id="11" y="111.17" x="30.1"/>
<position id="12" y="56.28" x="14.21"/>
<position id="13" y="45.13" x="212.32"/>
<position id="14" y="130.29" x="233.38"/>
<position id="15" y="26.14" x="270.9"/>
<position id="17" y="261.22" x="92.51"/>
<position id="16" y="273.41" x="38.33"/>
<position id="19" y="221.61" x="48.1"/>
<position id="18" y="22.94" x="263.59"/>
<position id="21" y="99.09" x="60.62"/>
<position id="20" y="29.11" x="93.61"/>
<position id="23" y="280.5" x="279.54"/>
<position id="22" y="165.46" x="217.3"/>
<position id="25" y="195.85" x="149.95"/>
<position id="24" y="215.81" x="151.93"/>
<position id="27" y="78.86" x="57.85"/>
<position id="26" y="141.7" x="161.91"/>
<position id="29" y="159.05" x="148.57"/>
<position id="28" y="78.35" x="115.38"/>
<position id="31" y="81.83" x="52.87"/>
<position id="30" y="98.61" x="110.29"/>
<position id="34" y="135.33" x="81.98"/>
<position id="35" y="268.67" x="193.13"/>
<position id="32" y="22.54" x="62.61"/>
<position id="33" y="227.23" x="214.36"/>
<position id="38" y="95.35" x="110.34"/>
<position id="39" y="74.1" x="228.95"/>
<position id="36" y="108.14" x="264.68"/>
<position id="37" y="81.3" x="23.54"/>
<position id="42" y="30.18" x="229.53"/>
<position id="43" y="8.0" x="155.13"/>
<position id="40" y="7.3" x="216.98"/>
<position id="41" y="81.34" x="142.9"/>
<position id="46" y="177.69" x="250.42"/>
<position id="47" y="290.57" x="245.75"/>
<position id="44" y="284.24" x="208.56"/>
<position id="45" y="78.45" x="91.01"/>
<position id="51" y="15.04" x="228.98"/>
<position id="50" y="273.69" x="109.22"/>
<position id="49" y="26.22" x="228.63"/>
<position id="48" y="126.93" x="25.5"/>
<position id="55" y="125.15" x="204.47"/>
<position id="54" y="189.98" x="148.1"/>
<position id="53" y="91.55" x="293.51"/>
<position id="52" y="236.83" x="259.73"/>
<position id="59" y="69.36" x="281.22"/>
<position id="58" y="67.26" x="161.5"/>
<position id="57" y="139.26" x="69.92"/>
<position id="56" y="157.37" x="69.77"/>
<position id="63" y="268.99" x="188.58"/>
<position id="62" y="286.29" x="17.3"/>
<position id="61" y="40.15" x="257.98"/>
<position id="60" y="97.17" x="14.96"/>
<position id="68" y="218.32" x="18.13"/>
<position id="69" y="199.89" x="161.46"/>
<position id="70" y="289.32" x="92.13"/>
<position id="71" y="162.22" x="188.86"/>
<position id="64" y="278.67" x="59.53"/>
<position id="65" y="227.3" x="183.23"/>
<position id="66" y="195.64" x="236.73"/>
<position id="67" y="112.38" x="188.07"/>
<position id="76" y="29.84" x="297.81"/>
<position id="77" y="57.95" x="65.12"/>
<position id="78" y="170.74" x="112.85"/>
<position id="79" y="111.05" x="184.18"/>
<position id="72" y="118.87" x="189.22"/>
<position id="73" y="249.44" x="209.22"/>
<position id="74" y="2.83" x="156.31"/>
<position id="75" y="238.02" x="44.58"/>
<position id="85" y="296.21" x="266.71"/>
<position id="84" y="76.43" x="129.48"/>
<position id="87" y="120.02" x="228.23"/>
<position id="86" y="3.06" x="223.96"/>
<position id="81" y="192.53" x="162.22"/>
<position id="80" y="6.97" x="44.11"/>
<position id="83" y="23.62" x="4.65"/>
<position id="82" y="64.42" x="110.93"/>
<position id="93" y="252.13" x="121.33"/>
<position id="92" y="190.62" x="72.41"/>
<position id="95" y="89.49" x="92.04"/>
<position id="94" y="132.96" x="134.34"/>
<position id="89" y="149.47" x="73.12"/>
<position id="88" y="84.83" x="6.16"/>
<position id="91" y="51.06" x="201.92"/>
<position id="90" y="206.46" x="145.93"/>
<position id="102" y="226.11" x="289.56"/>
<position id="103" y="28.41" x="112.4"/>
<position id="100" y="249.35" x="131.06"/>
<position id="101" y="7.37" x="280.52"/>
<position id="98" y="220.75" x="83.85"/>
<position id="99" y="68.17" x="1.46"/>
<position id="96" y="128.06" x="209.33"/>
<position id="97" y="150.21" x="275.53"/>
<position id="110" y="33.48" x="106.28"/>
<position id="111" y="132.28" x="96.15"/>
<position id="108" y="64.65" x="191.2"/>
<position id="109" y="54.12" x="99.8"/>
<position id="106" y="126.69" x="33.94"/>
<position id="107" y="240.29" x="32.38"/>
<position id="104" y="225.91" x="194.65"/>
<position id="105" y="195.49" x="85.35"/>
<position id="119" y="276.36" x="30.27"/>
<position id="118" y="229.14" x="18.74"/>
<position id="117" y="189.25" x="264.52"/>
<position id="116" y="58.23" x="180.49"/>
<position id="115" y="242.15" x="251.29"/>
<position id="114" y="129.55" x="138.9"/>
<position id="113" y="43.28" x="123.71"/>
<position id="112" y="70.11" x="14.78"/>
<position id="127" y="274.12" x="47.9"/>
<position id="126" y="169.5" x="287.39"/>
<position id="125" y="186.05" x="284.02"/>
<position id="124" y="170.05" x="103.84"/>
<position id="123" y="239.94" x="186.59"/>
<position id="122" y="125.28" x="8.7"/>
<position id="121" y="98.04" x="33.24"/>
<position id="120" y="2.76" x="238.27"/>
<position id="137" y="132.9" x="294.98"/>
<position id="136" y="253.45" x="271.44"/>
<position id="139" y="269.42" x="210.85"/>
<position id="138" y="86.52" x="31.61"/>
<position id="141" y="215.34" x="188.73"/>
<position id="140" y="189.01" x="92.22"/>
<position id="143" y="282.87" x="83.97"/>
<position id="142" y="127.89" x="152.52"/>
<position id="129" y="252.6" x="137.69"/>
<position id="128" y="73.12" x="103.36"/>
<position id="131" y="13.61" x="13.66"/>
<position id="130" y="101.76" x="91.49"/>
<position id="133" y="293.87" x="4.27"/>
<position id="132" y="150.91" x="103.22"/>
<position id="135" y="150.9" x="100.19"/>
<position id="134" y="224.12" x="19.61"/>
<position id="152" y="255.85" x="295.71"/>
<position id="153" y="26.96" x="141.89"/>
<position id="154" y="201.47" x="0.22"/>
<position id="155" y="190.99" x="46.2"/>
<position id="156" y="173.99" x="280.56"/>
<position id="157" y="84.3" x="255.95"/>
<position id="158" y="113.21" x="149.58"/>
<position id="159" y="261.04" x="119.15"/>
<position id="144" y="163.82" x="130.08"/>
<position id="145" y="295.34" x="293.5"/>
<position id="146" y="91.06" x="164.76"/>
<position id="147" y="292.73" x="246.41"/>
<position id="148" y="220.5" x="15.1"/>
<position id="149" y="11.46" x="217.71"/>
<position id="150" y="104.82" x="47.98"/>
<position id="151" y="51.11" x="275.35"/>
<position id="171" y="242.5" x="102.57"/>
<position id="170" y="27.27" x="286.43"/>
<position id="169" y="18.99" x="15.67"/>
<position id="168" y="265.05" x="71.12"/>
<position id="175" y="122.25" x="14.23"/>
<position id="174" y="250.76" x="231.48"/>
<position id="173" y="214.72" x="25.96"/>
<position id="172" y="28.86" x="20.45"/>
<position id="163" y="77.03" x="192.32"/>
<position id="162" y="65.72" x="140.22"/>
<position id="161" y="298.29" x="102.06"/>
<position id="160" y="105.56" x="265.88"/>
<position id="167" y="177.03" x="24.14"/>
<position id="166" y="62.36" x="51.84"/>
<position id="165" y="87.55" x="238.68"/>
<position id="164" y="99.08" x="119.98"/>
<position id="186" y="21.41" x="249.7"/>
<position id="187" y="45.08" x="207.91"/>
<position id="184" y="225.74" x="282.42"/>
<position id="185" y="195.55" x="280.58"/>
<position id="190" y="264.6" x="263.06"/>
<position id="191" y="42.66" x="118.92"/>
<position id="188" y="265.04" x="50.91"/>
<position id="189" y="187.44" x="283.3"/>
<position id="178" y="155.32" x="83.48"/>
<position id="179" y="71.61" x="40.77"/>
<position id="176" y="23.27" x="76.43"/>
<position id="177" y="146.19" x="173.88"/>
<position id="182" y="75.73" x="90.77"/>
<position id="183" y="193.71" x="185.49"/>
<position id="180" y="26.35" x="282.21"/>
<position id="181" y="215.09" x="275.41"/>
<position id="205" y="196.99" x="177.79"/>
<position id="204" y="132.66" x="233.46"/>
<position id="207" y="87.51" x="89.64"/>
<position id="206" y="130.56" x="203.04"/>
<position id="201" y="201.81" x="50.77"/>
<position id="200" y="59.64" x="180.47"/>
<position id="203" y="85.91" x="132.28"/>
<position id="202" y="150.97" x="125.2"/>
<position id="197" y="1.48" x="144.01"/>
<position id="196" y="93.25" x="274.25"/>
<position id="199" y="170.09" x="99.29"/>
<position id="198" y="77.31" x="30.36"/>
<position id="193" y="205.11" x="258.82"/>
<position id="192" y="203.27" x="175.94"/>
<position id="195" y="84.34" x="64.28"/>
<position id="194" y="272.57" x="244.88"/>
<position id="220" y="26.73" x="62.16"/>
<position id="221" y="181.11" x="120.48"/>
<position id="222" y="204.3" x="60.93"/>
<position id="223" y="212.51" x="182.46"/>
<position id="216" y="27.89" x="98.49"/>
<position id="217" y="227.36" x="292.47"/>
<position id="218" y="76.98" x="287.03"/>
<position id="219" y="275.85" x="186.99"/>
<position id="212" y="60.65" x="99.19"/>
<position id="213" y="10.73" x="176.98"/>
<position id="214" y="193.4" x="211.67"/>
<position id="215" y="93.02" x="211.76"/>
<position id="208" y="68.27" x="55.98"/>
<position id="209" y="20.78" x="60.86"/>
<position id="210" y="110.03" x="135.22"/>
<position id="211" y="96.09" x="130.23"/>
<position id="239" y="40.32" x="220.91"/>
<position id="238" y="224.32" x="228.96"/>
<position id="237" y="225.4" x="254.68"/>
<position id="236" y="68.25" x="148.68"/>
<position id="235" y="82.23" x="98.72"/>
<position id="234" y="13.6" x="286.36"/>
<position id="233" y="267.08" x="101.28"/>
<position id="232" y="268.43" x="143.4"/>
<position id="231" y="56.19" x="255.76"/>
<position id="230" y="159.76" x="95.65"/>
<position id="229" y="180.5" x="106.68"/>
<position id="228" y="152.95" x="88.32"/>
<position id="227" y="205.93" x="187.41"/>
<position id="226" y="111.96" x="76.44"/>
<position id="225" y="91.87" x="127.82"/>
<position id="224" y="227.19" x="189.24"/>
<position id="254" y="189.97" x="89.04"/>
<position id="255" y="212.08" x="138.91"/>
<position id="252" y="260.42" x="182.36"/>
<position id="253" y="142.87" x="201.94"/>
<position id="250" y="162.46" x="64.67"/>
<position id="251" y="236.54" x="58.63"/>
<position id="248" y="108.47" x="162.1"/>
<position id="249" y="56.97" x="254.36"/>
<position id="246" y="12.13" x="282.55"/>
<position id="247" y="224.14" x="206.24"/>
<position id="244" y="126.82" x="173.71"/>
<position id="245" y="114.21" x="123.87"/>
<position id="242" y="121.03" x="127.26"/>
<position id="243" y="51.37" x="227.67"/>
<position id="240" y="100.11" x="8.44"/>
<position id="241" y="118.42" x="116.09"/>
<position id="275" y="37.46" x="134.78"/>
<position id="274" y="29.22" x="155.79"/>
<position id="273" y="159.68" x="38.71"/>
<position id="272" y="98.44" x="33.01"/>
<position id="279" y="95.36" x="293.83"/>
<position id="278" y="285.89" x="104.48"/>
<position id="277" y="93.43" x="151.53"/>
<position id="276" y="43.79" x="225.65"/>
<position id="283" y="6.94" x="129.89"/>
<position id="282" y="171.4" x="79.48"/>
<position id="281" y="276.97" x="148.48"/>
<position id="280" y="241.23" x="31.36"/>
<position id="287" y="177.76" x="83.26"/>
<position id="286" y="153.11" x="27.93"/>
<position id="285" y="289.11" x="114.11"/>
<position id="284" y="182.16" x="222.25"/>
<position id="258" y="200.15" x="283.91"/>
<position id="259" y="103.55" x="22.52"/>
<position id="256" y="118.16" x="160.01"/>
<position id="257" y="25.13" x="130.45"/>
<position id="262" y="251.75" x="106.42"/>
<position id="263" y="271.18" x="110.54"/>
<position id="260" y="214.75" x="135.73"/>
<position id="261" y="48.12" x="211.16"/>
<position id="266" y="221.94" x="41.85"/>
<position id="267" y="17.13" x="46.52"/>
<position id="264" y="151.79" x="82.81"/>
<position id="265" y="285.01" x="237.73"/>
<position id="270" y="114.51" x="294.68"/>
<position id="271" y="213.77" x="298.61"/>
<position id="268" y="119.73" x="265.27"/>
<position id="269" y="28.56" x="83.07"/>
<position id="288" y="93.87" x="162.87"/>
<position id="289" y="66.13" x="61.54"/>
<position id="290" y="176.89" x="216.18"/>
<position id="291" y="177.17" x="5.2"/>
<position id="292" y="29.13" x="63.17"/>
<position id="293" y="153.37" x="211.83"/>
<position id="294" y="243.38" x="61.56"/>
<position id="295" y="7.46" x="139.41"/>
<position id="296" y="196.07" x="222.48"/>
<position id="297" y="257.24" x="272.03"/>
<position id="298" y="230.51" x="18.94"/>
<position id="299" y="126.21" x="238.09"/>
<position id="300" y="284.3" x="185.99"/>
</positions>
